job_id,resume_url,cover_letter_url
014367c5,,
04930bbd,,
0becd536,,
0bf79afb,,
0d7030ac,,
0f271e57,,
0f7d4796,,
10ce114f,,
10e57a68,,
17bf53f5,,
189c1d9e,,
19e55189,,
1a5dff0c,,
1b1c8399,,
1cd45566,,
1e74b7d5,,
1edbde66,,
20de4ed5,,
24dbdae7,,
2d6c32c5,,
306f941b,,
31634d29,,
3c81d2ee,,
3d7f9a55,,
3d878eee,,
3ddfdab8,,
404e743f,,
40ee9283,,
425e1772,,
455f0e3f,,
460ac356,,
4653aec7,,
4d01f914,,
4e8128ef,,
4f423f0a,,
564475ec,,
59e66e8a,,
62ccae74,,
67914dbf,,
6a767e38,,
6ce224a8,,
6f8e4ebb,,
6fed43a2,,
7349ca4f,,
74cd0a07,,
7afb7970,,
7ba5c0b7,,
7d4de342,,
7ed50393,,
7fdb1bbc,,
81d083c2,,
838b1be4,,
8680ef53,,
87639250,,
9361ef1f,,
94fe001f,,
9916ebba,,
9cefc238,,
9dc1c49f,,
a1c30f1a,,
a21166a9,,
a2cf7fd8,,
a868c0e7,,
a8bedee9,,
aa63667b,,
aaa7c0fc,,
ab646dd1,,
ace004fe,,
af7d819a,,
afc65aee,,
b161df12,,
b1eb0d45,,
b635d1ed,,
b8a143da,,
bb544974,,
bb6f55c4,,
bce17dbf,,
c1362039,,
c1b0591e,,
c430b454,,
c853c153,,
ca9a9f2c,,
cef42d36,,
d3797636,,
d4e36732,,
d4ff2164,,
d8bd4f0b,,
db5ec1be,,
de8e59b8,,
df5bcad4,,
e570a5a7,,
e9783dc2,,
ead8ac04,,
eb390644,,
ec597d40,,
f062b3e0,,
f22d3963,,
f3697847,,
f6aaa66f,,
f7e01bee,,
f96f492b,,
f9d33b1f,,
fb3f149c,,
fc90bbd7,,
fd94c2f9,,
